{
  "best_epoch": 4,
  "confusion_matrix": [
    [
      17339,
      4013,
      1583
    ],
    [
      4,
      11821,
      761
    ],
    [
      3844,
      4722,
      964
    ]
  ],
  "per_class": {
    "accuracy": 0.6686644025659808,
    "down": {
      "f1-score": 0.7859571188976021,
      "precision": 0.8183791947892576,
      "recall": 0.7560061042075431,
      "support": 22935.0
    },
    "flat": {
      "f1-score": 0.7133546557238549,
      "precision": 0.5750632418758513,
      "recall": 0.9392181789289687,
      "support": 12586.0
    },
    "macro avg": {
      "f1-score": 0.5498303100843918,
      "precision": 0.5616190629270637,
      "recall": 0.5987928442913941,
      "support": 45051.0
    },
    "up": {
      "f1-score": 0.15017915563171833,
      "precision": 0.2914147521160822,
      "recall": 0.10115424973767051,
      "support": 9530.0
    },
    "weighted avg": {
      "f1-score": 0.6311827833350473,
      "precision": 0.6389304428848938,
      "recall": 0.6686644025659808,
      "support": 45051.0
    }
  },
  "run_name": "lit_like_fi2010",
  "test": {
    "accuracy": 0.6686644025659808,
    "f1_macro": 0.5498303100843918,
    "loss": 0.6134316888197617
  },
  "tick_size": 0.001014,
  "tick_source": "best_bid_ask_mode",
  "val_best_f1": 0.5841271794406482
}